ID,Timestamp,SensorReading,MachineStatus,QualityCheck,ProductCount
1,2023-11-22 09:24:28.749389,43.081004305053725,Standby,True,21
2,2023-11-21 09:24:28.749396,71.31249095658937,On,True,18
3,2023-11-20 09:24:28.749399,19.096744555580937,Standby,False,10
4,2023-11-19 09:24:28.749400,28.951475117230828,On,True,24
5,2023-11-18 09:24:28.749401,46.283913967493504,Standby,True,23
6,2023-11-17 09:24:28.749402,16.650375765795246,On,False,20
7,2023-11-16 09:24:28.749403,62.51647012761713,Standby,True,17
8,2023-11-15 09:24:28.749404,7.724391563338518,Off,True,13
9,2023-11-14 09:24:28.749405,88.27136633131678,Off,True,23
10,2023-11-13 09:24:28.749406,53.34999712072058,Off,True,20
11,2023-11-12 09:24:28.749407,21.008955790517337,Standby,False,19
12,2023-11-11 09:24:28.749408,0.12953249444264126,On,True,27
13,2023-11-10 09:24:28.749409,6.039344746129349,Off,False,26
14,2023-11-09 09:24:28.749410,10.71843170106388,On,False,18
15,2023-11-08 09:24:28.749411,78.20165590138417,Off,False,15
16,2023-11-07 09:24:28.749412,33.39475063556954,Standby,False,22
17,2023-11-06 09:24:28.749413,67.66981758792386,On,True,21
18,2023-11-05 09:24:28.749414,67.0690735018055,On,True,16
19,2023-11-04 09:24:28.749415,13.940020534755693,Off,False,25
20,2023-11-03 09:24:28.749417,31.076435981747895,Standby,False,13
21,2023-11-02 09:24:28.749418,26.737219189307204,On,False,17
22,2023-11-01 09:24:28.749419,88.71893422274805,Standby,False,17
23,2023-10-31 09:24:28.749420,79.46375013720217,Standby,True,21
24,2023-10-30 09:24:28.749421,31.158002884321313,Off,True,19
25,2023-10-29 09:24:28.749422,48.0683446746897,Off,True,18
26,2023-10-28 09:24:28.749423,20.916873803680513,On,False,18
27,2023-10-27 09:24:28.749424,81.4426349961332,Off,True,16
28,2023-10-26 09:24:28.749425,19.551348611921583,Standby,True,20
29,2023-10-25 09:24:28.749426,74.1685165038404,On,False,21
30,2023-10-24 09:24:28.749427,78.86057935266801,Standby,False,21
31,2023-10-23 09:24:28.749428,70.77685070026388,Standby,True,14
32,2023-10-22 09:24:28.749430,89.21358147825231,On,True,12
33,2023-10-21 09:24:28.749431,55.1393908283222,Standby,False,14
34,2023-10-20 09:24:28.749432,67.75735204373302,Standby,True,30
35,2023-10-19 09:24:28.749433,80.45173514677799,Standby,False,22
36,2023-10-18 09:24:28.749434,80.98921865150172,Off,False,22
37,2023-10-17 09:24:28.749435,96.36815489384801,Off,True,17
38,2023-10-16 09:24:28.749436,37.50503959229198,Off,False,24
39,2023-10-15 09:24:28.749437,54.00736973080535,Off,True,22
40,2023-10-14 09:24:28.749438,7.579142089345359,Standby,True,27
41,2023-10-13 09:24:28.749439,60.72944039334273,Off,False,16
42,2023-10-12 09:24:28.749440,58.28344355434795,On,False,22
43,2023-10-11 09:24:28.749441,70.77138904105314,On,False,18
44,2023-10-10 09:24:28.749442,29.455226302270844,On,False,19
45,2023-10-09 09:24:28.749443,88.05566101534619,Standby,False,19
46,2023-10-08 09:24:28.749444,72.37962430629649,On,False,13
47,2023-10-07 09:24:28.749445,57.71486334899969,Off,True,18
48,2023-10-06 09:24:28.749446,32.621125369472836,Off,False,22
49,2023-10-05 09:24:28.749447,72.97554564355522,Off,True,16
50,2023-10-04 09:24:28.749448,91.13801756845972,Standby,True,16
51,2023-10-03 09:24:28.749449,81.97885702451201,Off,False,20
52,2023-10-02 09:24:28.749450,88.7007777589574,On,True,23
53,2023-10-01 09:24:28.749451,53.357134874043325,On,True,19
54,2023-09-30 09:24:28.749452,97.14504812307518,Standby,False,19
55,2023-09-29 09:24:28.749453,52.335724183632415,Off,True,21
56,2023-09-28 09:24:28.749455,63.56510255560251,Off,True,22
57,2023-09-27 09:24:28.749456,16.98840250412932,Off,False,23
58,2023-09-26 09:24:28.749457,89.62063087628658,On,True,20
59,2023-09-25 09:24:28.749458,60.675666716757505,On,True,23
60,2023-09-24 09:24:28.749459,86.63514778267549,On,True,17
61,2023-09-23 09:24:28.749460,80.74140507160709,Off,False,11
62,2023-09-22 09:24:28.749461,5.877365727887051,Standby,False,17
63,2023-09-21 09:24:28.749462,57.932753073117595,Standby,False,22
64,2023-09-20 09:24:28.749463,14.428723545370248,Standby,False,24
65,2023-09-19 09:24:28.749464,71.10627310989472,Standby,True,15
66,2023-09-18 09:24:28.749465,14.627974823467127,Standby,False,22
67,2023-09-17 09:24:28.749466,76.64470012474277,On,False,22
68,2023-09-16 09:24:28.749467,26.687870993703942,Off,False,21
69,2023-09-15 09:24:28.749468,67.27269719220679,Standby,True,23
70,2023-09-14 09:24:28.749469,26.31430999525952,Standby,False,28
71,2023-09-13 09:24:28.749470,57.61593908061449,Off,True,19
72,2023-09-12 09:24:28.749471,23.74652556058442,Standby,False,18
73,2023-09-11 09:24:28.749472,84.6390742808051,Standby,False,19
74,2023-09-10 09:24:28.749474,10.475558060100177,Off,True,30
75,2023-09-09 09:24:28.749475,56.34784445707884,On,False,17
76,2023-09-08 09:24:28.749476,66.77806865831914,Standby,True,13
77,2023-09-07 09:24:28.749477,34.8332595370072,On,False,29
78,2023-09-06 09:24:28.749478,95.23548776625009,Standby,False,13
79,2023-09-05 09:24:28.749479,89.7817862793757,On,True,21
80,2023-09-04 09:24:28.749480,16.141201042040233,On,True,19
81,2023-09-03 09:24:28.749481,49.7737785586673,Standby,True,25
82,2023-09-02 09:24:28.749482,70.64942641611833,On,True,16
83,2023-09-01 09:24:28.749483,71.76353914780294,Off,True,26
84,2023-08-31 09:24:28.749484,84.01441255022513,On,True,23
85,2023-08-30 09:24:28.749486,74.86421126120425,On,True,19
86,2023-08-29 09:24:28.749487,22.47635179227483,Standby,False,25
87,2023-08-28 09:24:28.749488,9.421697658685979,Off,False,20
88,2023-08-27 09:24:28.749489,74.9067655097618,Standby,True,21
89,2023-08-26 09:24:28.749490,91.33114192414152,Standby,False,17
90,2023-08-25 09:24:28.749491,66.477675880351,Off,False,18
91,2023-08-24 09:24:28.749492,0.1657282337656607,Standby,False,21
92,2023-08-23 09:24:28.749493,0.9609571664658367,Standby,True,19
93,2023-08-22 09:24:28.749494,70.43456529550144,Off,False,25
94,2023-08-21 09:24:28.749495,96.43672415304891,On,True,22
95,2023-08-20 09:24:28.749496,87.00057192520114,Off,False,23
96,2023-08-19 09:24:28.749497,31.384088223789796,On,False,18
97,2023-08-18 09:24:28.749498,15.362280664269946,On,True,24
98,2023-08-17 09:24:28.749499,2.7156830290354317,On,False,18
99,2023-08-16 09:24:28.749500,88.7873192683909,Standby,True,21
100,2023-08-15 09:24:28.749501,43.10194088230631,Off,True,17
101,2023-08-14 09:24:28.749502,96.30596034261042,Off,True,19
102,2023-08-13 09:24:28.749503,98.31029733822693,Off,False,24
103,2023-08-12 09:24:28.749505,1.1853834275251551,Off,False,16
104,2023-08-11 09:24:28.749506,88.17743715975519,Off,True,17
105,2023-08-10 09:24:28.749507,56.2473606300803,On,True,27
106,2023-08-09 09:24:28.749508,37.295647631190874,Standby,False,23
107,2023-08-08 09:24:28.749509,49.766665290196684,Off,False,20
108,2023-08-07 09:24:28.749510,40.459576763786195,Standby,False,26
109,2023-08-06 09:24:28.749511,8.910099226173296,Off,False,20
110,2023-08-05 09:24:28.749512,42.67475470881299,On,True,16
111,2023-08-04 09:24:28.749513,91.62789164389541,Off,False,22
112,2023-08-03 09:24:28.749514,96.19774778405319,Off,True,18
113,2023-08-02 09:24:28.749515,35.67066882854638,Standby,True,21
114,2023-08-01 09:24:28.749516,79.52747215362737,Standby,True,20
115,2023-07-31 09:24:28.749517,82.99516310301051,Standby,True,25
116,2023-07-30 09:24:28.749518,2.7716776864188386,On,False,17
117,2023-07-29 09:24:28.749519,18.41340877072114,Standby,False,21
118,2023-07-28 09:24:28.749520,21.249983989198473,On,True,20
119,2023-07-27 09:24:28.749521,40.48160543976675,Off,True,17
120,2023-07-26 09:24:28.749522,70.75088815773452,On,False,13
121,2023-07-25 09:24:28.749523,44.58529872806578,On,True,18
122,2023-07-24 09:24:28.749524,1.090908728625961,Off,False,15
123,2023-07-23 09:24:28.749526,28.457028330606626,On,True,15
124,2023-07-22 09:24:28.749527,19.773199677394825,On,True,25
125,2023-07-21 09:24:28.749528,66.09671278273177,Off,False,19
126,2023-07-20 09:24:28.749529,42.03316062139648,On,False,24
127,2023-07-19 09:24:28.749530,44.80383214337833,Standby,True,17
128,2023-07-18 09:24:28.749531,50.27324151185203,On,True,20
129,2023-07-17 09:24:28.749532,61.04933486560387,Standby,False,25
130,2023-07-16 09:24:28.749533,61.720036974048355,On,False,15
131,2023-07-15 09:24:28.749534,27.802081492873832,On,False,26
132,2023-07-14 09:24:28.749535,62.45880737961348,On,False,20
133,2023-07-13 09:24:28.749536,44.531577134261255,Standby,False,17
134,2023-07-12 09:24:28.749537,47.422760526955166,Standby,False,16
135,2023-07-11 09:24:28.749538,15.46668299566164,Standby,True,23
136,2023-07-10 09:24:28.749539,27.78719960676629,Off,True,23
137,2023-07-09 09:24:28.749540,39.332662869159584,Off,False,18
138,2023-07-08 09:24:28.749541,96.63577673359434,On,False,15
139,2023-07-07 09:24:28.749542,96.8154716926869,Standby,True,20
140,2023-07-06 09:24:28.749543,8.766366834194073,Standby,True,23
141,2023-07-05 09:24:28.749544,18.110860519571258,Off,True,22
142,2023-07-04 09:24:28.749545,56.67943867684691,Standby,True,20
143,2023-07-03 09:24:28.749546,4.303848840326441,On,False,16
144,2023-07-02 09:24:28.749547,89.36959145008258,On,True,22
145,2023-07-01 09:24:28.749548,51.952542175465496,Standby,False,20
146,2023-06-30 09:24:28.749549,70.35489924066167,Standby,False,20
147,2023-06-29 09:24:28.749550,11.8045849258409,On,False,21
148,2023-06-28 09:24:28.749551,62.80847014799382,Standby,True,21
149,2023-06-27 09:24:28.749552,37.45539300422168,On,True,15
150,2023-06-26 09:24:28.749554,57.99720783224526,Standby,False,15
151,2023-06-25 09:24:28.749555,92.56083145761006,On,True,19
152,2023-06-24 09:24:28.749556,67.65148301415607,On,True,22
153,2023-06-23 09:24:28.749557,28.67906085344174,Standby,True,16
154,2023-06-22 09:24:28.749558,34.28951356579282,Standby,False,19
155,2023-06-21 09:24:28.749559,52.45103746289544,Standby,True,22
156,2023-06-20 09:24:28.749560,84.11149613686048,Off,False,21
157,2023-06-19 09:24:28.749561,64.30616418772985,On,True,17
158,2023-06-18 09:24:28.749563,80.44801906219587,Standby,False,25
159,2023-06-17 09:24:28.749564,13.44937024617614,On,False,21
160,2023-06-16 09:24:28.749565,6.102013214880708,Standby,False,26
161,2023-06-15 09:24:28.749566,17.213471581038707,On,True,25
162,2023-06-14 09:24:28.749567,6.237224554114517,Off,False,27
163,2023-06-13 09:24:28.749568,64.10258516192997,Standby,False,21
164,2023-06-12 09:24:28.749569,30.892785809049705,On,True,16
165,2023-06-11 09:24:28.749570,37.21883284194563,Off,True,24
166,2023-06-10 09:24:28.749571,67.86459413091742,On,False,21
167,2023-06-09 09:24:28.749572,11.26480567488477,Standby,True,18
168,2023-06-08 09:24:28.749573,21.86559235640877,Off,False,18
169,2023-06-07 09:24:28.749574,80.3849866540797,On,False,12
170,2023-06-06 09:24:28.749575,23.60612260485173,On,False,12
171,2023-06-05 09:24:28.749576,68.18439159192175,On,False,16
172,2023-06-04 09:24:28.749577,12.948312874622058,Standby,False,18
173,2023-06-03 09:24:28.749578,72.32337413356949,On,False,21
174,2023-06-02 09:24:28.749579,4.112142274061514,Off,True,10
175,2023-06-01 09:24:28.749580,61.265659020675486,Standby,True,19
176,2023-05-31 09:24:28.749581,83.03858402728912,Standby,False,14
177,2023-05-30 09:24:28.749582,50.292618308079206,Off,True,20
178,2023-05-29 09:24:28.749583,4.3094082660329995,Standby,False,24
179,2023-05-28 09:24:28.749585,2.9056592633570744,Standby,True,24
180,2023-05-27 09:24:28.749586,76.18654254648749,Off,False,24
181,2023-05-26 09:24:28.749587,78.25592210275796,Off,False,10
182,2023-05-25 09:24:28.749588,78.5359029912523,Off,True,16
183,2023-05-24 09:24:28.749589,92.03598761524992,Off,False,16
184,2023-05-23 09:24:28.749590,57.558770842768915,On,True,21
185,2023-05-22 09:24:28.749591,37.24028779641504,Off,False,22
186,2023-05-21 09:24:28.749592,76.43250329452866,On,True,17
187,2023-05-20 09:24:28.749593,98.4983724335594,Standby,False,20
188,2023-05-19 09:24:28.749868,7.432769672355654,On,False,22
189,2023-05-18 09:24:28.749878,56.48256679639733,Off,False,13
190,2023-05-17 09:24:28.749879,3.9751622092819128,Standby,True,24
191,2023-05-16 09:24:28.749880,59.03792189119304,Standby,False,13
192,2023-05-15 09:24:28.749881,58.88558112485257,On,False,23
193,2023-05-14 09:24:28.749882,44.94115724774292,Standby,False,21
194,2023-05-13 09:24:28.749883,62.15837023388905,Standby,True,20
195,2023-05-12 09:24:28.749884,36.03277368373282,On,True,30
196,2023-05-11 09:24:28.749885,91.76279221882002,Standby,True,16
197,2023-05-10 09:24:28.749886,99.65464412797597,Off,True,13
198,2023-05-09 09:24:28.749887,87.804177240254,Off,True,24
199,2023-05-08 09:24:28.749888,82.23472555315303,On,True,12
200,2023-05-07 09:24:28.749889,53.87886843997659,On,True,25
201,2023-05-06 09:24:28.749890,46.974103100052744,Off,True,7
202,2023-05-05 09:24:28.749891,41.0702719844649,Off,True,14
203,2023-05-04 09:24:28.749894,90.61920003831506,Off,False,27
204,2023-05-03 09:24:28.749895,63.29892583484311,Off,False,18
205,2023-05-02 09:24:28.749896,14.498652095127662,Standby,False,17
206,2023-05-01 09:24:28.749897,20.09919791404361,Standby,True,19
207,2023-04-30 09:24:28.749898,51.613773297095975,Off,True,16
208,2023-04-29 09:24:28.749899,34.438397578877236,On,False,20
209,2023-04-28 09:24:28.749900,8.802959899988316,On,True,28
210,2023-04-27 09:24:28.749901,26.6230378311051,Standby,False,22
211,2023-04-26 09:24:28.749902,91.92459248500494,Standby,True,12
212,2023-04-25 09:24:28.749903,75.92098466968366,On,False,26
213,2023-04-24 09:24:28.749904,94.98310390765525,On,False,28
214,2023-04-23 09:24:28.749905,81.23714004368327,On,False,17
215,2023-04-22 09:24:28.749906,90.21819141394894,On,False,14
216,2023-04-21 09:24:28.749907,86.6454159394979,Standby,True,19
217,2023-04-20 09:24:28.749908,38.65353850243197,Off,False,15
218,2023-04-19 09:24:28.749909,95.15985076857302,Off,True,13
219,2023-04-18 09:24:28.749910,66.09691620770607,Standby,True,17
220,2023-04-17 09:24:28.749911,49.41711742021003,Standby,True,16
221,2023-04-16 09:24:28.749912,77.90329416482457,On,True,29
222,2023-04-15 09:24:28.749913,97.07442511594286,On,True,30
223,2023-04-14 09:24:28.749914,41.90929340089301,Standby,False,18
224,2023-04-13 09:24:28.749915,69.53951939652055,Standby,True,24
225,2023-04-12 09:24:28.749917,39.65193188805809,Standby,False,26
226,2023-04-11 09:24:28.749918,97.22393572811332,Off,False,19
227,2023-04-10 09:24:28.749919,72.7641076351556,Standby,True,15
228,2023-04-09 09:24:28.749920,76.71921554940387,Standby,True,23
229,2023-04-08 09:24:28.749921,75.6683698208913,On,True,15
230,2023-04-07 09:24:28.749922,75.82259922719152,Standby,False,20
231,2023-04-06 09:24:28.749923,92.73325339810928,Off,True,17
232,2023-04-05 09:24:28.749924,22.118808401408995,Off,True,16
233,2023-04-04 09:24:28.749925,51.707951893496265,On,False,19
234,2023-04-03 09:24:28.749926,96.64649094298724,Off,False,17
235,2023-04-02 09:24:28.749927,4.848988493352346,Off,False,20
236,2023-04-01 09:24:28.749928,76.48971344263386,On,True,15
237,2023-03-31 09:24:28.749929,51.97019773810838,Off,True,18
238,2023-03-30 09:24:28.749930,12.713576787349501,Standby,True,17
239,2023-03-29 09:24:28.749931,15.215425333457432,Off,False,19
240,2023-03-28 09:24:28.749932,37.4715665498061,Off,False,28
241,2023-03-27 09:24:28.749933,75.93501614052605,Standby,False,26
242,2023-03-26 09:24:28.749934,50.21741789673864,Standby,False,23
243,2023-03-25 09:24:28.749935,28.47635278926376,Off,True,24
244,2023-03-24 09:24:28.749936,25.700127905210234,Off,True,15
245,2023-03-23 09:24:28.749937,54.57917401073765,Standby,False,15
246,2023-03-22 09:24:28.749938,41.90740543134983,On,True,12
247,2023-03-21 09:24:28.749939,53.476622557222385,Off,True,20
248,2023-03-20 09:24:28.749940,16.51260652751585,On,True,16
249,2023-03-19 09:24:28.749941,89.30121892544477,Standby,False,18
250,2023-03-18 09:24:28.749943,66.94869257319374,Off,False,20
251,2023-03-17 09:24:28.749944,75.9020403066171,On,False,21
252,2023-03-16 09:24:28.749945,54.342926835901274,Standby,False,27
253,2023-03-15 09:24:28.749946,12.023712481332016,Standby,True,19
254,2023-03-14 09:24:28.749947,16.212067418210175,Off,False,22
255,2023-03-13 09:24:28.749948,36.42682262719921,Off,True,21
256,2023-03-12 09:24:28.749949,95.3218253738098,Off,False,21
257,2023-03-11 09:24:28.749950,42.38338470237332,Standby,True,22
258,2023-03-10 09:24:28.749951,83.01774422522377,Standby,False,20
259,2023-03-09 09:24:28.749952,45.23585406178188,Off,False,13
260,2023-03-08 09:24:28.749953,19.002776208323834,Off,False,22
261,2023-03-07 09:24:28.749954,76.0540379886329,Off,False,25
262,2023-03-06 09:24:28.749955,96.58969762003818,Standby,False,17
263,2023-03-05 09:24:28.749956,61.19132241664551,Standby,True,18
264,2023-03-04 09:24:28.749958,30.03686561749398,Off,True,23
265,2023-03-03 09:24:28.749959,51.84352731915317,On,False,24
266,2023-03-02 09:24:28.749960,75.38506608883247,Off,True,15
267,2023-03-01 09:24:28.749961,64.79622178080896,Off,True,15
268,2023-02-28 09:24:28.749962,87.66341854378095,Standby,True,21
269,2023-02-27 09:24:28.749963,70.06435249011356,Off,True,23
270,2023-02-26 09:24:28.749964,3.965065713251237,Standby,False,24
271,2023-02-25 09:24:28.749965,4.674535124618828,Off,False,15
272,2023-02-24 09:24:28.749970,40.503163713185266,On,False,19
273,2023-02-23 09:24:28.749971,5.823890119480479,Off,False,18
274,2023-02-22 09:24:28.749972,30.454717544675947,On,True,19
275,2023-02-21 09:24:28.749973,67.71282687967792,Standby,False,13
276,2023-02-20 09:24:28.749974,53.47636428180874,Off,True,23
277,2023-02-19 09:24:28.749975,54.234366715569024,Off,False,16
278,2023-02-18 09:24:28.749976,91.70625028074453,Standby,True,18
279,2023-02-17 09:24:28.749977,33.16375463943635,On,True,15
280,2023-02-16 09:24:28.749978,9.405210123095731,On,False,24
281,2023-02-15 09:24:28.749979,32.60022067249717,On,False,21
282,2023-02-14 09:24:28.749981,52.936402677016936,On,True,21
283,2023-02-13 09:24:28.749982,74.65181482569962,Standby,False,16
284,2023-02-12 09:24:28.749983,66.40880712822174,Standby,True,23
285,2023-02-11 09:24:28.749984,2.4209343928679017,On,False,15
286,2023-02-10 09:24:28.749985,84.63205594494552,Standby,False,13
287,2023-02-09 09:24:28.749986,56.487143631788896,Off,False,25
288,2023-02-08 09:24:28.749987,34.009401342098776,On,True,19
289,2023-02-07 09:24:28.749988,51.9058705152178,Off,True,15
290,2023-02-06 09:24:28.749989,78.27540963270025,Off,True,26
291,2023-02-05 09:24:28.749990,16.460563927342207,Standby,True,14
292,2023-02-04 09:24:28.749991,57.5143345814186,On,True,24
293,2023-02-03 09:24:28.749992,38.45797105983898,On,True,16
294,2023-02-02 09:24:28.749993,64.63543174242973,Standby,True,22
295,2023-02-01 09:24:28.749994,97.09769734392395,Off,False,18
296,2023-01-31 09:24:28.749995,17.810407369649774,On,True,14
297,2023-01-30 09:24:28.749996,25.476464830644275,On,False,10
298,2023-01-29 09:24:28.749997,51.4254488718648,On,False,28
299,2023-01-28 09:24:28.749998,23.680484058829542,Off,True,24
300,2023-01-27 09:24:28.749999,73.91683173519769,Standby,True,21
301,2023-01-26 09:24:28.750001,8.340440629908386,Off,False,25
302,2023-01-25 09:24:28.750002,26.148370031592073,Off,False,15
303,2023-01-24 09:24:28.750003,53.82355388158019,Standby,False,29
304,2023-01-23 09:24:28.750004,83.07531404006974,Off,True,21
305,2023-01-22 09:24:28.750005,1.6998874987618873,Off,False,23
306,2023-01-21 09:24:28.750006,54.52831508206334,On,True,19
307,2023-01-20 09:24:28.750007,87.54100057246094,Off,False,18
308,2023-01-19 09:24:28.750008,5.544273348719697,Off,True,21
309,2023-01-18 09:24:28.750009,66.43810687131845,Off,True,23
310,2023-01-17 09:24:28.750010,38.161799859733726,Standby,False,14
311,2023-01-16 09:24:28.750011,27.907938919506,Standby,False,21
312,2023-01-15 09:24:28.750012,48.211110865424104,Standby,False,29
313,2023-01-14 09:24:28.750013,17.577973146329228,Off,False,23
314,2023-01-13 09:24:28.750014,97.30170255830075,Standby,False,16
315,2023-01-12 09:24:28.750016,37.115304447919364,Off,False,20
316,2023-01-11 09:24:28.750017,20.525292910438885,On,False,18
317,2023-01-10 09:24:28.750018,52.956961616881046,Standby,True,22
318,2023-01-09 09:24:28.750019,13.570963070128006,Standby,True,24
319,2023-01-08 09:24:28.750020,46.27353165737138,Off,False,16
320,2023-01-07 09:24:28.750021,87.1945279682422,Standby,False,25
321,2023-01-06 09:24:28.750022,29.097179313110967,On,False,18
322,2023-01-05 09:24:28.750023,99.0050645008062,Standby,True,28
323,2023-01-04 09:24:28.750024,95.9607063254503,Off,False,21
324,2023-01-03 09:24:28.750025,19.156615515563136,Standby,False,16
325,2023-01-02 09:24:28.750026,65.12402431354376,Standby,True,23
326,2023-01-01 09:24:28.750027,19.99608425041959,Standby,True,26
327,2022-12-31 09:24:28.750028,26.98112294438343,Standby,True,27
328,2022-12-30 09:24:28.750029,80.98379260688307,On,False,28
329,2022-12-29 09:24:28.750030,9.552278605990693,Standby,False,23
330,2022-12-28 09:24:28.750031,99.70093776181128,Standby,False,23
331,2022-12-27 09:24:28.750032,80.26240718622022,Standby,True,16
332,2022-12-26 09:24:28.750033,91.95190772151054,On,False,14
333,2022-12-25 09:24:28.750034,4.778864471256172,Off,False,20
334,2022-12-24 09:24:28.750035,58.769658832697246,On,False,22
335,2022-12-23 09:24:28.750037,82.19936085431941,Standby,True,20
336,2022-12-22 09:24:28.750038,67.7788326755669,On,True,21
337,2022-12-21 09:24:28.750039,89.20773743262126,Standby,False,15
338,2022-12-20 09:24:28.750040,90.69265573581963,Off,False,13
339,2022-12-19 09:24:28.750041,18.806637813038265,Standby,True,18
340,2022-12-18 09:24:28.750042,89.97477325226141,Off,False,22
341,2022-12-17 09:24:28.750043,98.23769165417178,On,False,23
342,2022-12-16 09:24:28.750044,48.935767225111114,On,True,19
343,2022-12-15 09:24:28.750045,76.17426488697616,Standby,True,13
344,2022-12-14 09:24:28.750046,15.526742046030739,On,False,17
345,2022-12-13 09:24:28.750047,3.594400045956214,On,True,24
346,2022-12-12 09:24:28.750048,48.660525356738596,Off,True,18
347,2022-12-11 09:24:28.750049,29.64865102382006,Standby,True,33
348,2022-12-10 09:24:28.750050,70.1329587619717,On,True,18
349,2022-12-09 09:24:28.750051,46.97492295641188,Off,True,13
350,2022-12-08 09:24:28.750052,53.66139878752437,Off,True,19
351,2022-12-07 09:24:28.750053,98.53195788532457,Off,True,21
352,2022-12-06 09:24:28.750054,74.78096656145836,Standby,False,25
353,2022-12-05 09:24:28.750055,51.62674959963199,Off,True,23
354,2022-12-04 09:24:28.750056,72.35880052959413,Standby,True,11
355,2022-12-03 09:24:28.750057,97.06945057143423,Standby,False,26
356,2022-12-02 09:24:28.750062,64.0871452655866,Off,False,23
357,2022-12-01 09:24:28.750063,73.79468884289436,Off,False,22
358,2022-11-30 09:24:28.750064,81.8139444379115,On,False,13
359,2022-11-29 09:24:28.750065,37.12645598478718,Off,False,24
360,2022-11-28 09:24:28.750066,50.229783043560175,Standby,True,18
361,2022-11-27 09:24:28.750067,6.447469243510618,Standby,True,18
362,2022-11-26 09:24:28.750068,94.7311106492733,Off,False,16
363,2022-11-25 09:24:28.750069,45.27876876932637,Off,True,24
364,2022-11-24 09:24:28.750070,89.36622850354034,Standby,True,21
365,2022-11-23 09:24:28.750071,84.16542295402101,On,True,18
366,2022-11-22 09:24:28.750073,21.63189869919905,Off,True,17
367,2022-11-21 09:24:28.750074,41.512873439312116,Off,True,19
368,2022-11-20 09:24:28.750075,20.313621239844547,On,False,24
369,2022-11-19 09:24:28.750076,49.643424351648726,On,True,18
370,2022-11-18 09:24:28.750077,19.93834976796188,Off,False,17
371,2022-11-17 09:24:28.750078,15.822123725526582,Off,False,20
372,2022-11-16 09:24:28.750079,94.56897944381242,Off,False,22
373,2022-11-15 09:24:28.750080,90.42525863453625,On,False,13
374,2022-11-14 09:24:28.750081,16.107437368571176,Off,False,23
375,2022-11-13 09:24:28.750082,72.55719048625137,Standby,False,17
376,2022-11-12 09:24:28.750083,74.01169227047588,On,False,23
377,2022-11-11 09:24:28.750084,11.556121721799627,Off,True,20
378,2022-11-10 09:24:28.750085,93.98324134575078,Off,False,30
379,2022-11-09 09:24:28.750086,5.001982952588202,Off,False,17
380,2022-11-08 09:24:28.750087,48.20577448693676,On,True,19
381,2022-11-07 09:24:28.750088,29.398518941404504,Standby,True,15
382,2022-11-06 09:24:28.750089,81.55355183015462,Off,False,27
383,2022-11-05 09:24:28.750090,25.541851747503387,Off,False,20
384,2022-11-04 09:24:28.750091,52.70662002045815,Off,True,19
385,2022-11-03 09:24:28.750092,33.56431303902936,Off,True,14
386,2022-11-02 09:24:28.750093,26.826633646520815,Standby,False,21
387,2022-11-01 09:24:28.750094,13.081882509832122,Standby,False,19
388,2022-10-31 09:24:28.750096,80.55494559618907,Standby,True,25
389,2022-10-30 09:24:28.750097,82.24749817900461,On,False,13
390,2022-10-29 09:24:28.750098,92.31831567502553,Off,False,18
391,2022-10-28 09:24:28.750099,85.3264679773198,Standby,True,24
392,2022-10-27 09:24:28.750100,79.78722809283043,On,True,23
393,2022-10-26 09:24:28.750101,40.75271602771504,On,False,24
394,2022-10-25 09:24:28.750102,82.49036026246198,On,False,17
395,2022-10-24 09:24:28.750103,96.42611405173199,On,False,16
396,2022-10-23 09:24:28.750104,86.2249984463432,Off,False,19
397,2022-10-22 09:24:28.750105,42.035386894822565,Off,True,26
398,2022-10-21 09:24:28.750106,92.8395817840274,Standby,True,15
399,2022-10-20 09:24:28.750107,80.86724487292372,Standby,True,11
400,2022-10-19 09:24:28.750108,58.654670976522304,Off,True,14
401,2022-10-18 09:24:28.750109,8.668190345205872,On,False,15
402,2022-10-17 09:24:28.750110,22.91729373417477,On,False,15
403,2022-10-16 09:24:28.750111,76.59722129020828,Standby,True,21
404,2022-10-15 09:24:28.750112,87.80749436883089,Standby,False,18
405,2022-10-14 09:24:28.750113,59.589689491806055,Off,True,13
406,2022-10-13 09:24:28.750114,42.19073224830382,Standby,True,18
407,2022-10-12 09:24:28.750116,93.10681358825448,On,True,19
408,2022-10-11 09:24:28.750117,42.91987378363906,Off,False,15
409,2022-10-10 09:24:28.750118,37.925878462957776,Off,True,13
410,2022-10-09 09:24:28.750119,20.20912204540811,Off,True,24
411,2022-10-08 09:24:28.750120,96.60465471108243,On,False,26
412,2022-10-07 09:24:28.750121,5.173711553688165,Standby,False,8
413,2022-10-06 09:24:28.750122,26.03609169924238,Off,False,25
414,2022-10-05 09:24:28.750123,63.922836384442924,Standby,True,31
415,2022-10-04 09:24:28.750124,23.331498325624768,Off,True,20
416,2022-10-03 09:24:28.750125,37.754203292856026,Off,True,22
417,2022-10-02 09:24:28.750126,51.69276392016178,On,False,18
418,2022-10-01 09:24:28.750127,31.714943018233022,Standby,False,21
419,2022-09-30 09:24:28.750128,49.27207394256122,On,False,25
420,2022-09-29 09:24:28.750129,48.11182790137079,Off,False,16
421,2022-09-28 09:24:28.750130,42.825319072416214,On,True,23
422,2022-09-27 09:24:28.750131,36.469569070879714,Standby,True,19
423,2022-09-26 09:24:28.750132,8.430554526005329,Off,False,25
424,2022-09-25 09:24:28.750133,44.45543888624922,Standby,True,21
425,2022-09-24 09:24:28.750135,34.22943946923716,Off,True,21
426,2022-09-23 09:24:28.750136,28.17141231812734,Standby,True,27
427,2022-09-22 09:24:28.750137,8.386811934554238,Off,False,18
428,2022-09-21 09:24:28.750138,91.06100853654719,Standby,True,18
429,2022-09-20 09:24:28.750139,27.91349767693824,On,False,15
430,2022-09-19 09:24:28.750140,36.21410244877219,On,False,21
431,2022-09-18 09:24:28.750141,7.2594504065306324,Standby,False,14
432,2022-09-17 09:24:28.750142,9.27847456622306,Off,True,31
433,2022-09-16 09:24:28.750179,17.774200816649397,Standby,True,19
434,2022-09-15 09:24:28.750181,57.35313920810457,On,True,22
435,2022-09-14 09:24:28.750182,5.831696633408779,Standby,False,14
436,2022-09-13 09:24:28.750183,75.61673626528642,Standby,False,21
437,2022-09-12 09:24:28.750184,86.19401284555413,Standby,False,17
438,2022-09-11 09:24:28.750185,71.45048952986126,On,True,22
439,2022-09-10 09:24:28.750186,50.26047884357365,Off,False,18
440,2022-09-09 09:24:28.750193,86.33036707923686,Standby,True,22
441,2022-09-08 09:24:28.750194,39.72094815884619,Off,False,23
442,2022-09-07 09:24:28.750195,47.86548821511952,Off,False,14
443,2022-09-06 09:24:28.750196,94.02952662550716,Off,True,22
444,2022-09-05 09:24:28.750197,41.732512377028556,On,False,20
445,2022-09-04 09:24:28.750198,77.94668771771197,On,True,22
446,2022-09-03 09:24:28.750199,14.893405104459534,On,False,20
447,2022-09-02 09:24:28.750200,98.83900472033686,On,True,15
448,2022-09-01 09:24:28.750201,22.89377672240912,Standby,True,25
449,2022-08-31 09:24:28.750202,6.925070209165829,Standby,True,15
450,2022-08-30 09:24:28.750203,25.060054113668894,Standby,True,23
451,2022-08-29 09:24:28.750204,91.82844161089488,On,False,20
452,2022-08-28 09:24:28.750205,58.21439975374093,Off,False,18
453,2022-08-27 09:24:28.750206,16.23428114324047,Standby,False,17
454,2022-08-26 09:24:28.750207,99.88570763370545,Off,False,15
455,2022-08-25 09:24:28.750208,67.2817039906342,On,False,21
456,2022-08-24 09:24:28.750210,25.942221276955035,On,True,19
457,2022-08-23 09:24:28.750211,14.646833633794309,Off,False,19
458,2022-08-22 09:24:28.750212,42.01397192000654,On,False,17
459,2022-08-21 09:24:28.750213,90.83664013535073,Standby,True,25
460,2022-08-20 09:24:28.750214,39.04964486447954,On,True,17
461,2022-08-19 09:24:28.750215,89.59995237989538,Standby,False,19
462,2022-08-18 09:24:28.750216,98.97222885677411,Off,True,14
463,2022-08-17 09:24:28.750217,6.931079113056904,On,False,23
464,2022-08-16 09:24:28.750218,24.480598256625562,On,False,28
465,2022-08-15 09:24:28.750219,72.73131339433446,Standby,True,22
466,2022-08-14 09:24:28.750220,27.138302869778276,On,True,19
467,2022-08-13 09:24:28.750221,39.22591474600562,Standby,True,19
468,2022-08-12 09:24:28.750222,60.32813194777816,Off,True,23
469,2022-08-11 09:24:28.750223,98.38232988796459,On,False,11
470,2022-08-10 09:24:28.750224,73.33403054443063,Standby,False,14
471,2022-08-09 09:24:28.750226,9.271983562814201,On,True,21
472,2022-08-08 09:24:28.750227,78.3971238949301,On,False,18
473,2022-08-07 09:24:28.750228,51.621309446241256,Off,True,26
474,2022-08-06 09:24:28.750229,14.666452523833817,On,True,17
475,2022-08-05 09:24:28.750230,43.688457175040774,Standby,False,11
476,2022-08-04 09:24:28.750231,97.08297252112641,Standby,True,24
477,2022-08-03 09:24:28.750232,70.56479050684416,Standby,False,23
478,2022-08-02 09:24:28.750233,53.17667093485717,Standby,True,22
479,2022-08-01 09:24:28.750234,25.224132201212125,On,False,25
480,2022-07-31 09:24:28.750235,36.344391581383704,On,True,20
481,2022-07-30 09:24:28.750236,71.35803840677059,On,True,17
482,2022-07-29 09:24:28.750237,55.27604469202203,Standby,True,11
483,2022-07-28 09:24:28.750238,27.598247892999527,Standby,True,15
484,2022-07-27 09:24:28.750239,87.7320261955918,On,True,19
485,2022-07-26 09:24:28.750240,38.493349860778714,Standby,True,13
486,2022-07-25 09:24:28.750241,75.79121874140785,Standby,True,12
487,2022-07-24 09:24:28.750242,97.79181738564776,Standby,False,20
488,2022-07-23 09:24:28.750244,43.093810993213225,On,False,17
489,2022-07-22 09:24:28.750245,77.23643034683361,Standby,True,20
490,2022-07-21 09:24:28.750246,31.338245819368904,Off,True,16
491,2022-07-20 09:24:28.750247,47.67861840495032,On,False,22
492,2022-07-19 09:24:28.750248,61.57902012960766,On,True,25
493,2022-07-18 09:24:28.750249,90.85679057439732,On,True,22
494,2022-07-17 09:24:28.750250,33.44597308276761,Standby,True,27
495,2022-07-16 09:24:28.750251,37.30168883030923,Standby,True,19
496,2022-07-15 09:24:28.750252,93.48559762870522,Standby,False,24
497,2022-07-14 09:24:28.750253,36.97836818968803,Standby,False,23
498,2022-07-13 09:24:28.750254,25.19203465923311,On,False,20
499,2022-07-12 09:24:28.750255,7.386381481453186,Off,True,17
500,2022-07-11 09:24:28.750256,24.96680875908921,Standby,True,20
501,2022-07-10 09:24:28.750257,51.65648341199641,On,True,20
502,2022-07-09 09:24:28.750258,22.521122806541616,Off,True,19
503,2022-07-08 09:24:28.750259,25.43104695489732,Standby,False,21
504,2022-07-07 09:24:28.750260,53.1779405398503,Off,False,17
505,2022-07-06 09:24:28.750261,55.1421510358283,Off,True,21
506,2022-07-05 09:24:28.750262,66.7542449682283,Off,False,22
507,2022-07-04 09:24:28.750263,89.10247504365162,On,True,25
508,2022-07-03 09:24:28.750265,66.99584989980546,Off,False,21
509,2022-07-02 09:24:28.750266,48.86424087561522,Off,True,21
510,2022-07-01 09:24:28.750267,19.175843155454665,On,True,16
511,2022-06-30 09:24:28.750268,53.15455964106965,Off,False,24
512,2022-06-29 09:24:28.750269,41.46610754391394,Standby,False,21
513,2022-06-28 09:24:28.750270,22.264049372007744,On,False,18
514,2022-06-27 09:24:28.750271,87.63242563075364,Off,True,27
515,2022-06-26 09:24:28.750272,18.02122445471529,Standby,True,18
516,2022-06-25 09:24:28.750273,14.750986239206632,On,False,22
517,2022-06-24 09:24:28.750274,88.98318612762331,On,True,13
518,2022-06-23 09:24:28.750275,21.24993953959621,Off,True,12
519,2022-06-22 09:24:28.750276,10.432854448004258,On,True,21
520,2022-06-21 09:24:28.750277,50.17489018515345,On,False,19
521,2022-06-20 09:24:28.750278,80.58251443963675,On,True,19
522,2022-06-19 09:24:28.750279,86.25294115115256,Off,True,31
523,2022-06-18 09:24:28.750281,31.023831531299738,On,False,17
524,2022-06-17 09:24:28.750286,73.088567326377,Off,False,28
525,2022-06-16 09:24:28.750287,76.34921390955482,Off,True,13
526,2022-06-15 09:24:28.750288,6.5755450197356735,Off,True,20
527,2022-06-14 09:24:28.750289,14.060980409736167,On,True,24
528,2022-06-13 09:24:28.750290,65.99025699950067,Standby,True,19
529,2022-06-12 09:24:28.750291,43.279283972563235,On,False,15
530,2022-06-11 09:24:28.750292,76.81218426310761,Off,False,20
531,2022-06-10 09:24:28.750293,93.868944571035,Off,True,31
532,2022-06-09 09:24:28.750294,1.8377382602993375,Standby,True,31
533,2022-06-08 09:24:28.750295,46.627357034568604,Off,True,18
534,2022-06-07 09:24:28.750296,78.7102263034749,Off,False,16
535,2022-06-06 09:24:28.750297,82.69989577063782,On,False,21
536,2022-06-05 09:24:28.750298,28.788225662168678,On,True,22
537,2022-06-04 09:24:28.750299,99.75340390058723,Off,True,20
538,2022-06-03 09:24:28.750300,11.272536955932333,Off,False,16
539,2022-06-02 09:24:28.750302,72.19567433626716,Standby,False,24
540,2022-06-01 09:24:28.750303,34.99512836431003,Off,True,27
541,2022-05-31 09:24:28.750304,59.97617054935497,Off,True,24
542,2022-05-30 09:24:28.750305,24.836186904564606,Standby,False,25
543,2022-05-29 09:24:28.750306,5.672812006517624,Standby,True,15
544,2022-05-28 09:24:28.750307,63.13407990776807,Off,True,17
545,2022-05-27 09:24:28.750308,60.924595711949415,On,False,20
546,2022-05-26 09:24:28.750309,40.74253728420661,Standby,False,18
547,2022-05-25 09:24:28.750310,46.62448676115423,Off,True,18
548,2022-05-24 09:24:28.750311,46.98761473096237,On,True,28
549,2022-05-23 09:24:28.750312,56.374933984315646,On,False,17
550,2022-05-22 09:24:28.750313,89.77284930950387,Standby,True,27
551,2022-05-21 09:24:28.750314,77.96451760454691,On,True,19
552,2022-05-20 09:24:28.750315,33.09215992107373,Standby,True,25
553,2022-05-19 09:24:28.750316,88.64667779456057,Standby,True,10
554,2022-05-18 09:24:28.750318,25.960920282150212,Standby,False,24
555,2022-05-17 09:24:28.750319,60.93233867772964,Off,False,20
556,2022-05-16 09:24:28.750320,76.26631215363439,On,False,19
557,2022-05-15 09:24:28.750321,72.36840934418038,Standby,False,24
558,2022-05-14 09:24:28.750322,26.195206824773752,On,True,23
559,2022-05-13 09:24:28.750323,11.279465483460227,On,True,28
560,2022-05-12 09:24:28.750324,98.43274873359704,Off,False,23
561,2022-05-11 09:24:28.750325,90.8642801110749,Standby,True,29
562,2022-05-10 09:24:28.750326,7.486627718622074,Off,False,23
563,2022-05-09 09:24:28.750327,83.83463423851254,Standby,False,22
564,2022-05-08 09:24:28.750328,56.22775969947167,On,True,20
565,2022-05-07 09:24:28.750329,47.41628557912102,Standby,False,22
566,2022-05-06 09:24:28.750330,32.552410391922635,Off,True,25
567,2022-05-05 09:24:28.750331,0.4908207886914484,On,False,13
568,2022-05-04 09:24:28.750332,52.276133994038275,On,False,15
569,2022-05-03 09:24:28.750333,69.64906867232561,On,False,15
570,2022-05-02 09:24:28.750334,34.831851634008395,Standby,True,18
571,2022-05-01 09:24:28.750335,71.87150223723575,Standby,False,15
572,2022-04-30 09:24:28.750336,83.32178945056715,Off,False,23
573,2022-04-29 09:24:28.750337,36.6423852943709,Standby,False,33
574,2022-04-28 09:24:28.750338,40.22599803203523,Off,True,21
575,2022-04-27 09:24:28.750340,32.95627494206782,Standby,True,12
576,2022-04-26 09:24:28.750341,71.13021451904102,Standby,True,21
577,2022-04-25 09:24:28.750342,44.29528601540572,Off,True,25
578,2022-04-24 09:24:28.750343,23.71528078488262,Off,False,18
579,2022-04-23 09:24:28.750344,16.09339990348403,Off,False,25
580,2022-04-22 09:24:28.750345,3.233997081567841,Off,False,16
581,2022-04-21 09:24:28.750346,32.979080462604095,Off,False,25
582,2022-04-20 09:24:28.750347,87.13148428672449,On,True,23
583,2022-04-19 09:24:28.750348,9.463187555584673,Standby,False,13
584,2022-04-18 09:24:28.750349,50.452027969496015,On,False,18
585,2022-04-17 09:24:28.750350,64.29671461548634,Off,False,17
586,2022-04-16 09:24:28.750351,28.3147983859239,Off,True,24
587,2022-04-15 09:24:28.750352,58.77868269147343,Standby,False,20
588,2022-04-14 09:24:28.750353,33.722264330399234,Standby,True,18
589,2022-04-13 09:24:28.750354,2.6803012525573267,Off,True,17
590,2022-04-12 09:24:28.750355,83.86850594946512,Standby,False,29
591,2022-04-11 09:24:28.750356,48.50197927379446,Standby,False,15
592,2022-04-10 09:24:28.750357,3.5269719946340095,Off,True,17
593,2022-04-09 09:24:28.750359,40.73657811194478,Standby,False,22
594,2022-04-08 09:24:28.750360,31.50483895927454,Off,True,25
595,2022-04-07 09:24:28.750361,57.64207835251417,Standby,True,21
596,2022-04-06 09:24:28.750362,53.73779132641714,On,True,18
597,2022-04-05 09:24:28.750363,96.23900743449613,On,True,16
598,2022-04-04 09:24:28.750364,15.527400174479677,On,False,16
599,2022-04-03 09:24:28.750365,52.35729413494712,On,False,22
600,2022-04-02 09:24:28.750366,15.342432062253586,Off,False,18
601,2022-04-01 09:24:28.750367,60.75921653898985,On,True,25
602,2022-03-31 09:24:28.750368,16.064937436536553,Off,False,25
603,2022-03-30 09:24:28.750369,16.94721713052537,Off,False,16
604,2022-03-29 09:24:28.750370,30.872711153093313,Off,True,16
605,2022-03-28 09:24:28.750371,86.31415172777852,Standby,False,14
606,2022-03-27 09:24:28.750372,13.201635669155543,On,False,18
607,2022-03-26 09:24:28.750373,6.511042978608062,Standby,False,18
608,2022-03-25 09:24:28.750378,18.34349495566827,Standby,True,25
609,2022-03-24 09:24:28.750379,75.35335075755621,Off,False,29
610,2022-03-23 09:24:28.750380,47.32481906484557,On,False,18
611,2022-03-22 09:24:28.750381,34.92912139066343,On,False,24
612,2022-03-21 09:24:28.750382,90.6342658726397,Off,True,19
613,2022-03-20 09:24:28.750384,16.552401929860828,Standby,True,19
614,2022-03-19 09:24:28.750385,97.65169972240719,On,True,14
615,2022-03-18 09:24:28.750386,74.11583165892254,Off,False,19
616,2022-03-17 09:24:28.750387,16.575108812896467,Off,True,17
617,2022-03-16 09:24:28.750388,56.64560697171095,Off,True,21
618,2022-03-15 09:24:28.750389,8.090077333969903,On,True,15
619,2022-03-14 09:24:28.750390,46.447863556307404,Standby,False,20
620,2022-03-13 09:24:28.750391,11.576657475864238,Off,False,15
621,2022-03-12 09:24:28.750392,75.27231132778611,Off,True,21
622,2022-03-11 09:24:28.750393,37.155176401260626,Off,True,22
623,2022-03-10 09:24:28.750394,43.15593331601979,On,True,19
624,2022-03-09 09:24:28.750395,99.38256766246384,Off,False,24
625,2022-03-08 09:24:28.750396,75.10194535702875,Standby,False,17
626,2022-03-07 09:24:28.750397,12.714435227925403,Off,True,30
627,2022-03-06 09:24:28.750398,38.9650714859152,On,False,20
628,2022-03-05 09:24:28.750399,78.79414840808148,Off,True,17
629,2022-03-04 09:24:28.750400,38.72396755363528,Off,True,18
630,2022-03-03 09:24:28.750401,82.09862865459728,Standby,True,14
631,2022-03-02 09:24:28.750402,45.23910342750289,Standby,True,26
632,2022-03-01 09:24:28.750403,71.58897267392128,Off,False,22
633,2022-02-28 09:24:28.750404,98.68654729096536,Off,True,24
634,2022-02-27 09:24:28.750406,29.891617310279774,Standby,False,21
635,2022-02-26 09:24:28.750407,33.027355960024565,On,False,18
636,2022-02-25 09:24:28.750408,1.5055721063673144,On,True,12
637,2022-02-24 09:24:28.750409,41.27861134292008,Off,True,21
638,2022-02-23 09:24:28.750410,20.775873443129946,On,False,30
639,2022-02-22 09:24:28.750411,97.11444829759398,Off,False,18
640,2022-02-21 09:24:28.750412,45.490781196874984,Standby,False,20
641,2022-02-20 09:24:28.750413,77.66786640174303,On,False,22
642,2022-02-19 09:24:28.750414,4.366296519776891,Standby,False,26
643,2022-02-18 09:24:28.750415,44.828526144733736,On,True,23
644,2022-02-17 09:24:28.750416,83.28458871232807,On,True,23
645,2022-02-16 09:24:28.750417,0.9456724855724241,Standby,False,15
646,2022-02-15 09:24:28.750418,35.12403065405444,Standby,True,13
647,2022-02-14 09:24:28.750419,53.8586038109136,Standby,True,19
648,2022-02-13 09:24:28.750420,88.25028647236299,Standby,True,14
649,2022-02-12 09:24:28.750421,99.77194391914621,On,True,20
650,2022-02-11 09:24:28.750423,65.02185436635212,Standby,True,14
651,2022-02-10 09:24:28.750424,95.10186847910495,On,True,23
652,2022-02-09 09:24:28.750425,59.06905424184507,Off,True,26
653,2022-02-08 09:24:28.750426,87.43479645645449,On,True,26
654,2022-02-07 09:24:28.750427,0.49316972841834117,Off,True,15
655,2022-02-06 09:24:28.750428,36.1936383247841,On,False,16
656,2022-02-05 09:24:28.750429,86.39392739054878,On,False,18
657,2022-02-04 09:24:28.750430,61.19686616034119,Off,True,16
658,2022-02-03 09:24:28.750431,18.279480531145143,Standby,False,17
659,2022-02-02 09:24:28.750432,17.950388564504415,Standby,True,19
660,2022-02-01 09:24:28.750433,71.36042264738205,Standby,True,22
661,2022-01-31 09:24:28.750434,70.02550479636321,Standby,True,20
662,2022-01-30 09:24:28.750435,84.63197297431807,Standby,True,26
663,2022-01-29 09:24:28.750436,46.0851645369409,On,True,25
664,2022-01-28 09:24:28.750437,90.31279014340943,On,False,15
665,2022-01-27 09:24:28.750438,85.73859519365232,Standby,True,18
666,2022-01-26 09:24:28.750439,50.676016741891196,On,True,19
667,2022-01-25 09:24:28.750441,82.11601847365546,On,True,19
668,2022-01-24 09:24:28.750442,80.58646381109868,Off,True,17
669,2022-01-23 09:24:28.750443,79.19348980932531,Standby,True,25
670,2022-01-22 09:24:28.750444,43.02870524420367,On,True,19
671,2022-01-21 09:24:28.750445,49.64589518830941,Standby,False,28
672,2022-01-20 09:24:28.750446,3.732069910072333,Standby,False,11
673,2022-01-19 09:24:28.750447,28.227422661837842,Off,True,21
674,2022-01-18 09:24:28.750448,48.19855422202824,Off,True,19
675,2022-01-17 09:24:28.750449,59.27717798069807,Off,True,21
676,2022-01-16 09:24:28.750450,39.038288555685206,Standby,False,17
677,2022-01-15 09:24:28.750451,69.1762221841183,Standby,True,9
678,2022-01-14 09:24:28.750452,35.28352499159152,Standby,False,23
679,2022-01-13 09:24:28.750453,7.951396072775596,On,False,18
680,2022-01-12 09:24:28.750454,2.5484720303430075,Standby,True,17
681,2022-01-11 09:24:28.750455,74.13592426543136,Off,True,15
682,2022-01-10 09:24:28.750457,20.323632409168326,On,False,20
683,2022-01-09 09:24:28.750458,60.82857826196114,On,True,18
684,2022-01-08 09:24:28.750459,82.84364063530916,Off,True,19
685,2022-01-07 09:24:28.750460,98.00851584285195,Off,False,26
686,2022-01-06 09:24:28.750461,93.13625650292643,Off,True,14
687,2022-01-05 09:24:28.750462,61.90678883361447,Off,False,26
688,2022-01-04 09:24:28.750463,62.97443892819237,On,True,23
689,2022-01-03 09:24:28.750464,5.1927853518490386,Standby,True,22
690,2022-01-02 09:24:28.750465,81.48019437663216,Off,True,18
691,2022-01-01 09:24:28.750466,19.757606195422984,Off,False,20
692,2021-12-31 09:24:28.750471,94.23800363252862,Off,True,26
693,2021-12-30 09:24:28.750472,73.29320820852544,Off,True,24
694,2021-12-29 09:24:28.750473,55.95433106198959,Standby,False,24
695,2021-12-28 09:24:28.750474,68.4713278203906,Off,True,16
696,2021-12-27 09:24:28.750475,97.0060203731963,Standby,True,15
697,2021-12-26 09:24:28.750476,75.6499515429266,Off,True,24
698,2021-12-25 09:24:28.750477,65.47106769608617,Off,False,23
699,2021-12-24 09:24:28.750478,28.137675420376983,Standby,True,24
700,2021-12-23 09:24:28.750479,97.1447496548892,Standby,False,21
701,2021-12-22 09:24:28.750480,91.12478715269357,On,True,17
702,2021-12-21 09:24:28.750481,88.65896806601245,On,True,17
703,2021-12-20 09:24:28.750482,98.85497198824348,On,True,20
704,2021-12-19 09:24:28.750483,20.682575901911026,On,False,21
705,2021-12-18 09:24:28.750484,82.13220411468423,Standby,True,27
706,2021-12-17 09:24:28.750485,30.85300940143849,Off,False,17
707,2021-12-16 09:24:28.750486,21.656550442112177,On,False,21
708,2021-12-15 09:24:28.750487,6.217369739237865,On,True,31
709,2021-12-14 09:24:28.750488,96.25385750793147,On,False,18
710,2021-12-13 09:24:28.750489,99.6006042592065,On,True,19
711,2021-12-12 09:24:28.750491,73.51567974967072,Standby,True,15
712,2021-12-11 09:24:28.750492,34.38554477425315,On,False,18
713,2021-12-10 09:24:28.750493,50.66511544433886,Standby,True,14
714,2021-12-09 09:24:28.750494,6.3210039072106206,Standby,True,16
715,2021-12-08 09:24:28.750495,11.748588006007132,Off,True,16
716,2021-12-07 09:24:28.750496,83.30856060396401,Standby,True,22
717,2021-12-06 09:24:28.750497,85.44353296463373,Standby,True,19
718,2021-12-05 09:24:28.750498,4.369855468982864,Standby,True,21
719,2021-12-04 09:24:28.750499,20.06642033576066,Off,False,25
720,2021-12-03 09:24:28.750500,44.90315372978173,Off,True,29
721,2021-12-02 09:24:28.750501,84.67173913248118,Standby,False,19
722,2021-12-01 09:24:28.750502,82.54975601657858,Standby,True,25
723,2021-11-30 09:24:28.750503,12.158316386032542,Standby,False,19
724,2021-11-29 09:24:28.750504,99.10094159443042,Standby,True,21
725,2021-11-28 09:24:28.750505,60.44551356436841,Off,True,18
726,2021-11-27 09:24:28.750506,33.223473712835215,Standby,False,17
727,2021-11-26 09:24:28.750507,20.958088675258434,Off,True,23
728,2021-11-25 09:24:28.750508,54.06953972098309,Off,True,25
729,2021-11-24 09:24:28.750509,57.66041479106606,On,True,23
730,2021-11-23 09:24:28.750510,90.18601996089816,Standby,True,17
731,2021-11-22 09:24:28.750511,61.6021810855156,Standby,False,18
732,2021-11-21 09:24:28.750512,38.22684932582978,Off,True,27
733,2021-11-20 09:24:28.750513,0.25439823649530124,On,True,24
734,2021-11-19 09:24:28.750514,31.659482663750328,Standby,True,14
735,2021-11-18 09:24:28.750515,75.05602608622034,Off,True,17
736,2021-11-17 09:24:28.750517,98.96016016167867,Off,True,16
737,2021-11-16 09:24:28.750518,39.34293233339458,On,False,21
738,2021-11-15 09:24:28.750519,19.4965617005437,Off,False,20
739,2021-11-14 09:24:28.750520,93.71611095826464,Standby,True,15
740,2021-11-13 09:24:28.750521,25.618578262907434,On,True,19
741,2021-11-12 09:24:28.750522,97.77986475235816,On,True,27
742,2021-11-11 09:24:28.750523,48.02772474895757,Standby,True,25
743,2021-11-10 09:24:28.750524,41.475285360246914,On,True,14
744,2021-11-09 09:24:28.750525,45.78276087408065,Standby,False,25
745,2021-11-08 09:24:28.750526,32.04036043138252,On,False,19
746,2021-11-07 09:24:28.750527,96.550023169406,On,False,19
747,2021-11-06 09:24:28.750528,52.44747473865784,Standby,True,17
748,2021-11-05 09:24:28.750529,13.733985907039925,On,True,13
749,2021-11-04 09:24:28.750531,7.047200218230277,Off,False,21
750,2021-11-03 09:24:28.750532,27.10864155979432,On,False,16
751,2021-11-02 09:24:28.750533,83.7574637303956,Standby,False,23
752,2021-11-01 09:24:28.750534,18.973969705896398,Off,False,13
753,2021-10-31 09:24:28.750535,14.044483848699251,Off,True,16
754,2021-10-30 09:24:28.750536,64.57708244487468,Standby,False,22
755,2021-10-29 09:24:28.750537,74.53580564750912,Off,False,22
756,2021-10-28 09:24:28.750538,71.1063294240127,Off,False,19
757,2021-10-27 09:24:28.750539,33.37578838768876,Off,True,20
758,2021-10-26 09:24:28.750540,85.45145335518094,Off,False,19
759,2021-10-25 09:24:28.750541,85.06234237409184,Off,False,13
760,2021-10-24 09:24:28.750542,57.81408385989223,Standby,False,21
761,2021-10-23 09:24:28.750543,29.743442307452696,On,True,13
762,2021-10-22 09:24:28.750544,93.69433994592471,Off,False,16
763,2021-10-21 09:24:28.750545,38.09725746762347,On,True,15
764,2021-10-20 09:24:28.750546,38.46942107827911,Off,True,22
765,2021-10-19 09:24:28.750547,26.292942669995355,On,False,23
766,2021-10-18 09:24:28.750548,9.611424641481914,Off,True,18
767,2021-10-17 09:24:28.750549,63.945813880244465,On,True,21
768,2021-10-16 09:24:28.750550,63.66783776108029,Standby,False,20
769,2021-10-15 09:24:28.750551,99.91589896574148,On,True,22
770,2021-10-14 09:24:28.750552,37.81852257779767,On,True,18
771,2021-10-13 09:24:28.750554,84.5127608749176,Off,True,17
772,2021-10-12 09:24:28.750555,59.89859408932472,Off,True,17
773,2021-10-11 09:24:28.750556,26.98413279722053,Standby,True,16
774,2021-10-10 09:24:28.750557,87.50423926571888,On,True,18
775,2021-10-09 09:24:28.750558,43.257573923221635,Off,False,19
776,2021-10-08 09:24:28.750562,20.20807288045885,Standby,False,18
777,2021-10-07 09:24:28.750564,34.931988739018024,Standby,False,13
778,2021-10-06 09:24:28.750565,55.485311030831305,Standby,True,25
779,2021-10-05 09:24:28.750566,88.71300430715544,Standby,False,12
780,2021-10-04 09:24:28.750567,59.39106494894341,Off,False,12
781,2021-10-03 09:24:28.750568,11.395570335355886,On,True,14
782,2021-10-02 09:24:28.750569,58.58512208191667,Off,True,20
783,2021-10-01 09:24:28.750570,96.12955120250449,On,True,17
784,2021-09-30 09:24:28.750571,81.23105207304086,On,True,16
785,2021-09-29 09:24:28.750572,97.74750346908392,On,False,25
786,2021-09-28 09:24:28.750573,28.61065489959701,On,True,22
787,2021-09-27 09:24:28.750574,3.747871813107606,Off,False,20
788,2021-09-26 09:24:28.750575,36.365672295286686,Standby,True,15
789,2021-09-25 09:24:28.750576,59.2280494751903,Standby,False,16
790,2021-09-24 09:24:28.750577,51.36023697234931,Off,False,27
791,2021-09-23 09:24:28.750578,58.976803129691156,Standby,False,26
792,2021-09-22 09:24:28.750579,42.10234472322131,On,True,9
793,2021-09-21 09:24:28.750580,67.12703591889591,Standby,False,30
794,2021-09-20 09:24:28.750581,82.90226686651579,Standby,True,17
795,2021-09-19 09:24:28.750582,22.008012237130025,Standby,True,17
796,2021-09-18 09:24:28.750583,75.31976256733451,Standby,False,18
797,2021-09-17 09:24:28.750584,62.792468897701056,On,True,15
798,2021-09-16 09:24:28.750585,73.74143854555399,On,True,27
799,2021-09-15 09:24:28.750586,6.449361805992327,Off,True,21
800,2021-09-14 09:24:28.750588,81.83171225886575,Standby,True,19
801,2021-09-13 09:24:28.750589,1.8334748000073176,On,True,23
802,2021-09-12 09:24:28.750590,45.945244616103295,On,False,20
803,2021-09-11 09:24:28.750591,17.823399398914177,Off,False,24
804,2021-09-10 09:24:28.750592,53.85438756461972,On,False,21
805,2021-09-09 09:24:28.750593,69.05614481135302,On,False,20
806,2021-09-08 09:24:28.750594,72.37204807712698,Standby,True,25
807,2021-09-07 09:24:28.750595,57.899294796995335,Off,True,13
808,2021-09-06 09:24:28.750596,2.7536214754165234,On,True,20
809,2021-09-05 09:24:28.750597,53.123979910983586,On,False,21
810,2021-09-04 09:24:28.750598,45.891872516483105,Off,False,18
811,2021-09-03 09:24:28.750599,82.9687250416345,Off,True,22
812,2021-09-02 09:24:28.750600,9.357856284936794,On,True,20
813,2021-09-01 09:24:28.750601,73.23813300866752,Off,False,14
814,2021-08-31 09:24:28.750602,67.59437049235092,On,False,19
815,2021-08-30 09:24:28.750603,28.526156858964924,Standby,False,19
816,2021-08-29 09:24:28.750604,32.284475099191525,On,False,15
817,2021-08-28 09:24:28.750605,57.220078953322925,On,True,24
818,2021-08-27 09:24:28.750606,49.0300744145628,Off,True,28
819,2021-08-26 09:24:28.750607,92.17789147326239,Off,False,21
820,2021-08-25 09:24:28.750609,6.700494291247638,Standby,False,21
821,2021-08-24 09:24:28.750610,80.72648697509483,Standby,True,26
822,2021-08-23 09:24:28.750611,85.94747185468161,Standby,False,16
823,2021-08-22 09:24:28.750612,45.02976061925421,Standby,False,19
824,2021-08-21 09:24:28.750613,99.16844825303114,On,True,26
825,2021-08-20 09:24:28.750614,3.2725527570078405,Standby,False,23
826,2021-08-19 09:24:28.750615,55.638396758624594,Standby,True,24
827,2021-08-18 09:24:28.750616,45.634825478605045,On,True,27
828,2021-08-17 09:24:28.750617,6.1484666769022756,Standby,True,27
829,2021-08-16 09:24:28.750618,75.05366687500337,Off,False,16
830,2021-08-15 09:24:28.750619,43.57320181570912,On,True,19
831,2021-08-14 09:24:28.750620,28.518316259132924,Standby,True,23
832,2021-08-13 09:24:28.750621,45.28531195859872,On,True,17
833,2021-08-12 09:24:28.750622,63.91841494751424,On,True,22
834,2021-08-11 09:24:28.750623,15.980905017098712,On,False,28
835,2021-08-10 09:24:28.750624,16.74262663673739,On,False,27
836,2021-08-09 09:24:28.750625,73.5505326594964,On,False,19
837,2021-08-08 09:24:28.750626,11.543609307465974,On,False,11
838,2021-08-07 09:24:28.750627,68.15502893700295,On,True,24
839,2021-08-06 09:24:28.750628,46.088512658267966,Off,True,19
840,2021-08-05 09:24:28.750629,91.17509776881047,Standby,True,15
841,2021-08-04 09:24:28.750630,53.338610610429846,On,False,20
842,2021-08-03 09:24:28.750631,31.675983499425985,Standby,False,21
843,2021-08-02 09:24:28.750633,54.53154925761822,On,False,9
844,2021-08-01 09:24:28.750634,1.2749713185488232,Off,False,18
845,2021-07-31 09:24:28.750635,32.772979703960225,Standby,False,18
846,2021-07-30 09:24:28.750636,68.03667820236706,Standby,False,24
847,2021-07-29 09:24:28.750637,46.72888978112807,Off,False,19
848,2021-07-28 09:24:28.750638,52.841186508103476,Off,False,24
849,2021-07-27 09:24:28.750639,55.71419149618395,Standby,True,21
850,2021-07-26 09:24:28.750640,55.380193213295705,Standby,True,26
851,2021-07-25 09:24:28.750641,4.612738091012658,Standby,False,21
852,2021-07-24 09:24:28.750642,64.8053479982163,Off,True,17
853,2021-07-23 09:24:28.750643,94.34872379397677,On,True,14
854,2021-07-22 09:24:28.750644,93.08846240068296,On,True,17
855,2021-07-21 09:24:28.750645,64.19139127526145,Off,False,19
856,2021-07-20 09:24:28.750646,68.34770070006093,On,True,16
857,2021-07-19 09:24:28.750647,44.62524932412462,Off,False,20
858,2021-07-18 09:24:28.750648,82.33865793900496,On,True,13
859,2021-07-17 09:24:28.750650,16.649219215531097,Off,True,26
860,2021-07-16 09:24:28.750654,28.38418762413393,Off,True,19
861,2021-07-15 09:24:28.750655,48.280541208260615,On,True,18
862,2021-07-14 09:24:28.750656,22.125469623099324,Standby,False,24
863,2021-07-13 09:24:28.750657,9.273004925131845,On,False,20
864,2021-07-12 09:24:28.750658,58.38281076745473,Off,False,25
865,2021-07-11 09:24:28.750659,92.37875646804959,Standby,False,22
866,2021-07-10 09:24:28.750660,2.4152745246132423,Standby,False,18
867,2021-07-09 09:24:28.750661,95.73495644430832,Off,False,22
868,2021-07-08 09:24:28.750662,61.15414774375647,On,True,18
869,2021-07-07 09:24:28.750663,83.84263156597636,Standby,False,18
870,2021-07-06 09:24:28.750664,96.11003221590119,On,False,20
871,2021-07-05 09:24:28.750665,33.959864911762615,On,True,18
872,2021-07-04 09:24:28.750666,98.98326779229009,Off,False,12
873,2021-07-03 09:24:28.750668,85.62706806939694,On,False,20
874,2021-07-02 09:24:28.750669,7.559843197835425,Standby,True,24
875,2021-07-01 09:24:28.750670,21.165595778364487,Standby,False,18
876,2021-06-30 09:24:28.750677,57.06168572184978,On,True,17
877,2021-06-29 09:24:28.750678,33.077863208978464,Off,True,20
878,2021-06-28 09:24:28.750679,22.77067708500239,Off,False,19
879,2021-06-27 09:24:28.750680,91.09901515468158,Off,False,23
880,2021-06-26 09:24:28.750681,28.121411548977527,On,False,17
881,2021-06-25 09:24:28.750682,12.99450379030931,On,True,26
882,2021-06-24 09:24:28.750683,82.53635489880817,Off,True,20
883,2021-06-23 09:24:28.750684,24.202823099731262,On,False,25
884,2021-06-22 09:24:28.750685,59.63179128697298,On,False,21
885,2021-06-21 09:24:28.750686,51.129323129864524,On,True,19
886,2021-06-20 09:24:28.750687,43.25442501352212,On,False,23
887,2021-06-19 09:24:28.750688,0.6374932350700968,On,False,19
888,2021-06-18 09:24:28.750690,36.49984069106337,On,True,14
889,2021-06-17 09:24:28.750691,52.86216193132587,On,False,21
890,2021-06-16 09:24:28.750692,89.80830602966611,Standby,True,20
891,2021-06-15 09:24:28.750693,77.64125608757185,On,True,18
892,2021-06-14 09:24:28.750694,53.63343918883704,Off,False,15
893,2021-06-13 09:24:28.750695,2.726469887870664,On,True,30
894,2021-06-12 09:24:28.750696,89.29851832535522,Off,False,12
895,2021-06-11 09:24:28.750697,57.591871601742575,On,True,23
896,2021-06-10 09:24:28.750698,6.244215552275801,Off,True,13
897,2021-06-09 09:24:28.750699,98.09838457919793,Standby,True,23
898,2021-06-08 09:24:28.750700,24.91745481631551,On,True,10
899,2021-06-07 09:24:28.750701,99.19233365137194,Standby,False,23
900,2021-06-06 09:24:28.750702,91.84600940748615,Standby,True,26
901,2021-06-05 09:24:28.750703,22.453870792153385,Standby,True,20
902,2021-06-04 09:24:28.750704,53.010438666132956,Standby,True,20
903,2021-06-03 09:24:28.750705,69.86907171179516,Off,True,18
904,2021-06-02 09:24:28.750706,15.464527540904138,On,True,22
905,2021-06-01 09:24:28.750707,49.40745374679495,Standby,True,31
906,2021-05-31 09:24:28.750708,31.180546528285735,On,False,12
907,2021-05-30 09:24:28.750709,75.62442852366267,Standby,True,16
908,2021-05-29 09:24:28.750710,48.46187279349835,On,False,18
909,2021-05-28 09:24:28.750712,2.0677116380823812,On,False,19
910,2021-05-27 09:24:28.750713,67.86768357306386,Standby,False,29
911,2021-05-26 09:24:28.750714,5.295274934370409,On,False,20
912,2021-05-25 09:24:28.750715,66.37429847422628,Standby,True,22
913,2021-05-24 09:24:28.750716,92.5952307586554,Off,True,22
914,2021-05-23 09:24:28.750717,59.12557951673523,Off,True,24
915,2021-05-22 09:24:28.750718,35.61590365287762,Off,True,16
916,2021-05-21 09:24:28.750719,4.532710759167868,Off,False,18
917,2021-05-20 09:24:28.750720,76.7753753466778,Standby,True,14
918,2021-05-19 09:24:28.750721,81.30282912880217,Standby,False,16
919,2021-05-18 09:24:28.750722,8.069069843853526,Off,True,16
920,2021-05-17 09:24:28.750723,43.52227571928384,Standby,False,15
921,2021-05-16 09:24:28.750724,77.01630184349723,On,False,27
922,2021-05-15 09:24:28.750725,89.12094420410095,On,False,19
923,2021-05-14 09:24:28.750726,5.4372941173853935,On,False,15
924,2021-05-13 09:24:28.750727,45.08969628749713,On,False,15
925,2021-05-12 09:24:28.750728,61.58020490090035,Standby,False,12
926,2021-05-11 09:24:28.750729,64.53147131181895,Off,False,29
927,2021-05-10 09:24:28.750731,22.89803645326993,Off,True,31
928,2021-05-09 09:24:28.750732,29.64435896049017,On,False,19
929,2021-05-08 09:24:28.750733,74.4369473919173,On,True,15
930,2021-05-07 09:24:28.750734,22.755923660263445,Off,False,17
931,2021-05-06 09:24:28.750735,75.03882597817912,Off,False,17
932,2021-05-05 09:24:28.750736,16.80244611260794,Standby,True,15
933,2021-05-04 09:24:28.750737,67.84456314492891,Off,True,24
934,2021-05-03 09:24:28.750738,68.07984536224234,Standby,True,23
935,2021-05-02 09:24:28.750739,85.23106808225512,Standby,True,27
936,2021-05-01 09:24:28.750740,57.9898940965389,Standby,True,20
937,2021-04-30 09:24:28.750741,0.18208632025805693,Off,True,23
938,2021-04-29 09:24:28.750742,70.62614335422387,Off,True,24
939,2021-04-28 09:24:28.750743,64.84875332540227,Standby,False,25
940,2021-04-27 09:24:28.750744,63.905800618765774,Off,False,21
941,2021-04-26 09:24:28.750745,33.47990401196756,Off,False,15
942,2021-04-25 09:24:28.750746,38.27395507053952,Off,True,27
943,2021-04-24 09:24:28.750747,80.1643103509275,On,False,18
944,2021-04-23 09:24:28.750752,13.344081461472113,Standby,False,25
945,2021-04-22 09:24:28.750753,26.53492933202174,Off,False,19
946,2021-04-21 09:24:28.750754,46.30712278711081,Standby,True,14
947,2021-04-20 09:24:28.750755,57.18135624223262,Off,True,23
948,2021-04-19 09:24:28.750756,31.13859611105593,Standby,False,29
949,2021-04-18 09:24:28.750757,37.09836948029128,On,True,18
950,2021-04-17 09:24:28.750759,30.28382821597997,On,False,23
951,2021-04-16 09:24:28.750760,54.00346510384855,Standby,True,17
952,2021-04-15 09:24:28.750761,67.56211251494383,On,True,25
953,2021-04-14 09:24:28.750762,42.73118137933726,Off,False,12
954,2021-04-13 09:24:28.750763,59.90922213131279,Off,True,18
955,2021-04-12 09:24:28.750764,52.20062403349489,Standby,False,18
956,2021-04-11 09:24:28.750765,4.953806420297147,On,False,25
957,2021-04-10 09:24:28.750766,90.53168791315204,Standby,False,18
958,2021-04-09 09:24:28.750767,83.80470675896584,Standby,False,12
959,2021-04-08 09:24:28.750768,94.06434027465431,Off,True,26
960,2021-04-07 09:24:28.750769,54.300732342062815,Off,False,19
961,2021-04-06 09:24:28.750770,61.09655047260746,On,False,8
962,2021-04-05 09:24:28.750771,3.1272954683529752,Standby,True,19
963,2021-04-04 09:24:28.750772,26.35008950270521,Standby,False,19
964,2021-04-03 09:24:28.750773,14.468860607792077,Standby,False,16
965,2021-04-02 09:24:28.750774,96.42721044679864,Standby,True,27
966,2021-04-01 09:24:28.750775,41.42075325749993,Standby,True,20
967,2021-03-31 09:24:28.750776,63.3463002039457,Standby,True,23
968,2021-03-30 09:24:28.750777,19.349431305986453,On,False,26
969,2021-03-29 09:24:28.750778,40.938832110217916,Standby,True,21
970,2021-03-28 09:24:28.750780,96.98256098330694,Standby,True,22
971,2021-03-27 09:24:28.750781,1.077250494078863,On,False,20
972,2021-03-26 09:24:28.750782,22.777887368906878,Standby,False,29
973,2021-03-25 09:24:28.750783,59.84378686216733,On,False,14
974,2021-03-24 09:24:28.750784,29.316941729588862,Standby,True,18
975,2021-03-23 09:24:28.750785,49.42506468574268,Off,False,19
976,2021-03-22 09:24:28.750786,42.52082265546198,Off,True,24
977,2021-03-21 09:24:28.750787,95.11035049821965,On,True,13
978,2021-03-20 09:24:28.750788,34.222246983962926,Off,False,17
979,2021-03-19 09:24:28.750789,15.347440246746924,Standby,False,13
980,2021-03-18 09:24:28.750790,87.24793541366593,On,False,25
981,2021-03-17 09:24:28.750791,68.23133130607167,Off,False,19
982,2021-03-16 09:24:28.750792,67.45075634381611,Off,True,19
983,2021-03-15 09:24:28.750793,22.92592546408563,On,True,24
984,2021-03-14 09:24:28.750794,11.135304092554243,On,True,13
985,2021-03-13 09:24:28.750795,98.32891011553258,Standby,False,21
986,2021-03-12 09:24:28.750796,28.609413117293414,Off,False,20
987,2021-03-11 09:24:28.750797,69.41426538231772,Standby,True,23
988,2021-03-10 09:24:28.750799,30.14641813396691,Off,True,21
989,2021-03-09 09:24:28.750800,34.924071082195866,Off,False,18
990,2021-03-08 09:24:28.750801,33.097169591791975,Off,True,18
991,2021-03-07 09:24:28.750802,94.44358467552149,Standby,True,23
992,2021-03-06 09:24:28.750803,16.661634258729407,On,True,19
993,2021-03-05 09:24:28.750804,82.2177783557674,On,True,26
994,2021-03-04 09:24:28.750805,76.71859992517615,Off,True,21
995,2021-03-03 09:24:28.750806,72.34482027242272,Off,False,19
996,2021-03-02 09:24:28.750807,38.54676237834976,Off,False,22
997,2021-03-01 09:24:28.750808,6.2312775972168,On,False,24
998,2021-02-28 09:24:28.750809,78.56803733102866,On,False,26
999,2021-02-27 09:24:28.750810,27.77651534908241,Off,True,23
1000,2021-02-26 09:24:28.750811,11.580693036271562,Standby,True,25
